	Property	Color	Frequency_UniProt	Frequency_CDR3a	Frequency_CDR3b	Frequency_CDR3_CD4	Frequency_CDR3_CD8	AminoAcid	Frequency_CDR3s	AA_sorter	CDR3a/UniProt	CDR3b/UniProt	CDR3_CD4/UniProt	CDR3_CD8/UniProt	CDR3s/UniProt
A	aliphatic	grey	0.0901	0.1269	0.0485	0.0771	0.0763	A	0.0657	A	1.4084350721420644	0.5382907880133185	0.855715871254162	0.846836847946726	0.7291897891231964
R	basic	blue	0.0584	0.0372	0.0366	0.0552	0.0379	R	0.0367	R	0.636986301369863	0.6267123287671232	0.9452054794520548	0.6489726027397261	0.6284246575342466
N	amide	white	0.038	0.0764	0.0348	0.047	0.0491	N	0.0439	N	2.0105263157894737	0.9157894736842105	1.236842105263158	1.2921052631578946	1.155263157894737
D	acidic	red	0.0547	0.0409	0.0384	0.0333	0.0378	D	0.039	D	0.7477148080438757	0.7020109689213894	0.6087751371115174	0.6910420475319927	0.7129798903107861
C	sulfur	yellow	0.0129	0.0005	0.0004	0.0016	0.0004	C	0.0004	C	0.03875968992248062	0.0310077519379845	0.124031007751938	0.0310077519379845	0.0310077519379845
Q	amide	white	0.038	0.0319	0.0849	0.063	0.0665	Q	0.0733	Q	0.8394736842105263	2.2342105263157896	1.6578947368421053	1.7500000000000002	1.9289473684210527
E	acidic	red	0.062400000000000004	0.0225	0.0761	0.0456	0.0578	E	0.0644	E	0.360576923076923	1.219551282051282	0.7307692307692307	0.9262820512820512	1.032051282051282
G	aliphatic	grey	0.0726	0.1439	0.1219	0.131	0.1319	G	0.1268	G	1.9820936639118458	1.6790633608815426	1.8044077134986227	1.8168044077134986	1.7465564738292012
H	basic	blue	0.0222	0.004	0.0137	0.0123	0.0105	H	0.0115	H	0.18018018018018017	0.6171171171171171	0.5540540540540541	0.47297297297297297	0.518018018018018
I	aliphatic	grey	0.0552	0.0491	0.0142	0.0218	0.0268	I	0.0219	I	0.8894927536231884	0.25724637681159424	0.3949275362318841	0.48550724637681164	0.3967391304347826
L	aliphatic	grey	0.0984	0.0884	0.0541	0.0652	0.0651	L	0.0616	L	0.8983739837398375	0.5497967479674797	0.66260162601626	0.6615853658536586	0.6260162601626016
K	basic	blue	0.049400000000000006	0.0528	0.0077	0.0243	0.0227	K	0.0176	K	1.068825910931174	0.15587044534412953	0.4919028340080971	0.4595141700404858	0.3562753036437247
M	sulfur	yellow	0.0233	0.0194	0.0042	0.0073	0.0094	M	0.0076	M	0.8326180257510729	0.1802575107296137	0.3133047210300429	0.4034334763948498	0.3261802575107296
F	aromatic	black	0.0388	0.0208	0.0445	0.0327	0.0364	F	0.0393	F	0.5360824742268041	1.1469072164948453	0.8427835051546392	0.9381443298969072	1.0128865979381443
P	aliphatic	grey	0.05	0.0207	0.0372	0.0296	0.0317	P	0.0336	P	0.414	0.7439999999999999	0.592	0.6339999999999999	0.6719999999999999
S	small_hydroxy	green	0.0684	0.0816	0.1937	0.1644	0.1529	S	0.1691	S	1.1929824561403508	2.83187134502924	2.4035087719298245	2.2353801169590644	2.4722222222222223
T	small_hydroxy	green	0.0555	0.0702	0.0793	0.0878	0.076	T	0.0773	T	1.2648648648648648	1.4288288288288287	1.581981981981982	1.3693693693693694	1.3927927927927926
W	aromatic	black	0.013000000000000001	0.0045	0.0081	0.0054	0.0071	W	0.0073	W	0.3461538461538461	0.623076923076923	0.41538461538461535	0.5461538461538461	0.5615384615384615
Y	aromatic	black	0.0287	0.0479	0.0778	0.0655	0.0672	Y	0.0713	Y	1.6689895470383276	2.710801393728223	2.2822299651567945	2.341463414634146	2.4843205574912894
V	aliphatic	grey	0.06860000000000001	0.0602	0.0239	0.0297	0.0362	V	0.0318	V	0.8775510204081631	0.34839650145772594	0.4329446064139941	0.5276967930029154	0.46355685131195334
